strain,stress
0.000000000000000000e+00,-2.014445900000000120e-05
2.499873258174753390e-04,3.559776900000000181e-05
4.999746516348378125e-04,-1.279953600000000017e-05
7.500414394121165127e-04,-4.692281199999999685e-05
1.000028765229478986e-03,1.903418100000000076e-06
1.250016091046954325e-03,5.059058500000000210e-05
1.500003416864316690e-03,-1.411505899999999926e-05
1.749990742681679272e-03,1.432805900000000044e-05
1.999978068499154611e-03,8.924984899999999449e-05
2.250044856276433528e-03,6.339468899999999452e-05
2.500032182093795893e-03,4.849187699999999942e-05
2.750019507911158258e-03,7.796582499999999988e-05
3.000006833728633381e-03,1.796220300000000113e-04
3.249994159545996179e-03,1.661425999999999973e-04
3.499981485363358544e-03,1.464687900000000089e-04
3.749968811180720910e-03,1.961736599999999991e-04
4.000035598958112150e-03,1.670146300000000005e-04
4.250022924775474949e-03,3.299677299999999769e-04
4.500010250592837747e-03,7.552891400000000624e-05
4.749997576410199679e-03,1.047886100000000023e-04
4.999984902227675235e-03,3.590406199999999939e-04
5.249972228045038034e-03,6.206169200000000055e-06
5.500039015822316517e-03,-1.573739100000000086e-04
5.750026341639678448e-03,3.926517000000000136e-04
6.000013667457154004e-03,-2.596482399999999811e-04
6.250000993274516803e-03,-6.700939100000000192e-04
6.499988319091878734e-03,-7.190782700000000348e-05
6.749975644909354290e-03,-5.526487399999999552e-04
7.000042432686632773e-03,-8.669271000000000095e-04
7.250029758503995572e-03,-6.578089499999999592e-04
7.500017084321358371e-03,-8.555475400000000239e-04
7.750004410138833059e-03,-1.077346700000000098e-03
7.999991735956194991e-03,-1.084162100000000094e-03
8.249979061773557790e-03,-9.425142199999999703e-04
8.500045849550837140e-03,-1.062281900000000079e-03
8.750033175368312696e-03,-5.716262699999999971e-04
9.000020501185675495e-03,-6.886565399999999577e-04
9.250007827003036559e-03,-6.090919499999999714e-04
9.499995152820512115e-03,-1.987583900000000105e-03
9.749982478637874914e-03,-8.756909999999999477e-04
9.999969804455237712e-03,-9.860126500000000911e-04
1.025003659223251706e-02,-1.406766899999999923e-03
1.050002391804999088e-02,-5.721833799999999793e-05
1.075001124386735368e-02,-2.837543299999999765e-04
1.099999856968471648e-02,-7.901758500000000216e-04
1.124998589550219204e-02,-1.005563300000000002e-03
1.149997322131955484e-02,9.049769300000000145e-04
1.175004000909683245e-02,5.481955799999999783e-04
1.200002733491419525e-02,-8.645803899999999521e-04
1.225001466073167081e-02,-2.336727000000000031e-04
1.250000198654903361e-02,4.358444600000000151e-04
1.274998931236639640e-02,-2.866054399999999744e-04
1.299997663818387023e-02,-1.362294200000000073e-03
1.325004342596114958e-02,7.103850800000000151e-04
1.350003075177851238e-02,-7.609564199999999719e-04
1.375001807759587517e-02,-6.515754499999999857e-04
1.400000540341335073e-02,3.324911800000000112e-04
1.424999272923071179e-02,-6.849383199999999755e-04
1.449998005504807459e-02,-1.265257799999999939e-03
1.475004684282535394e-02,-1.321534400000000105e-04
1.500003416864282950e-02,-1.314974800000000060e-03
1.525002149446019056e-02,-8.624869199999999920e-04
1.550000882027755336e-02,-4.937454299999999860e-04
1.574999614609503065e-02,-3.791484600000000009e-04
1.599998347191238998e-02,-9.150535800000000495e-04
1.624997079772975278e-02,-7.250135899999999656e-04
1.650003758550703387e-02,-2.693320599999999795e-04
1.675002491132450769e-02,-5.664542000000000492e-04
1.700001223714187049e-02,-6.244865800000000107e-04
1.724999956295934431e-02,-6.584484200000000108e-04
1.749998688877659608e-02,5.502052500000000122e-05
1.774997421459406990e-02,-5.536714700000000246e-05
1.800004100237123650e-02,3.958566099999999877e-04
1.825002832818871032e-02,-2.044437099999999894e-04
1.850001565400618761e-02,-1.228864499999999930e-04
1.875000297982343592e-02,-3.631157799999999822e-04
1.899999030564091321e-02,2.451777800000000079e-05
1.924997763145838703e-02,1.827273099999999952e-04
1.950004441923555362e-02,4.214401000000000242e-05
1.975003174505302744e-02,-8.230371300000000100e-04
2.000001907087050473e-02,-5.065359800000000020e-04
2.025000639668775304e-02,2.931941300000000077e-04
2.049999372250523033e-02,-6.801982799999999876e-04
2.074998104832270415e-02,-9.388811799999999567e-04
2.100004783609987075e-02,1.393216399999999938e-04
2.125003516191734457e-02,-6.947815600000000402e-04
2.150002248773459634e-02,-1.826195399999999995e-03
2.175000981355207016e-02,-3.885390700000000198e-04
2.199999713936954746e-02,4.305040599999999875e-04
2.224998446518679576e-02,-4.246004699999999859e-04
2.249997179100426958e-02,-5.269893999999999794e-04
2.275003857878166169e-02,-3.206240699999999763e-04
2.300002590459891347e-02,-2.787458699999999950e-04
2.325001323041638729e-02,-1.537114400000000097e-04
2.350000055623363560e-02,-1.568560400000000013e-03
2.374998788205111289e-02,-2.589360200000000037e-04
2.399997520786858671e-02,-1.938558199999999962e-04
2.425004199564575330e-02,-9.935452000000000432e-04
2.450002932146322712e-02,-1.856498600000000101e-05
2.475001664728070441e-02,-8.441167800000000344e-04
2.500000397309795272e-02,-7.580583399999999816e-04
2.524999129891543001e-02,-3.179570100000000195e-04
2.549997862473290383e-02,-1.070539400000000045e-04
2.575004541251007043e-02,5.781640499999999520e-04
2.600003273832754425e-02,-5.882399299999999874e-05
2.625002006414479602e-02,-1.030270800000000070e-03
2.650000738996226984e-02,-1.108241200000000031e-04
2.674999471577974713e-02,3.457054599999999757e-04
2.699998204159699544e-02,-1.599619099999999912e-04
2.724996936741446926e-02,2.502722400000000221e-04
2.750003615519186137e-02,-9.696894699999999978e-04
2.775002348100911315e-02,-1.230346399999999920e-03
2.800001080682658697e-02,-5.583225900000000127e-04
2.824999813264406079e-02,-2.972800200000000012e-04
2.849998545846131257e-02,-7.430707899999999594e-04
2.874997278427878639e-02,-3.891283700000000177e-04
2.900003957205595298e-02,-3.080971100000000091e-04
2.925002689787342680e-02,-4.539582099999999940e-04
2.950001422369090409e-02,6.078913399999999673e-05
2.975000154950815240e-02,-2.508175600000000062e-04
2.999998887532562969e-02,5.120563700000000306e-04
3.024997620114310351e-02,-1.162543100000000074e-03
3.050004298892027010e-02,2.790934300000000225e-04
3.075003031473774393e-02,-1.213515000000000080e-03
3.100001764055522122e-02,-9.647893599999999388e-05
3.125000496637247299e-02,-1.213997699999999939e-04
3.149999229218994334e-02,-9.389994400000000168e-04
3.174997961800742063e-02,-5.704192800000000346e-04
3.200004640578458376e-02,1.199154800000000074e-03
3.225003373160206105e-02,-1.041285000000000084e-03
3.250002105741930936e-02,-5.376847700000000375e-04
3.275000838323678665e-02,1.345685600000000098e-03
3.299999570905426394e-02,-5.964376899999999622e-04
3.324998303487151224e-02,-1.808545300000000047e-03
3.349997036068898953e-02,-1.429463999999999973e-04
3.375003714846638164e-02,3.048497099999999765e-04
3.400002447428362995e-02,-1.224743500000000096e-03
3.425001180010110030e-02,2.812165799999999990e-04
3.449999912591857759e-02,-4.081093200000000007e-04
3.474998645173582590e-02,-6.183443600000000260e-04
3.499997377755330319e-02,4.273268900000000160e-05
3.525004056533046631e-02,-1.918095199999999884e-04
3.550002789114794360e-02,-1.686559999999999926e-03
3.575001521696542089e-02,7.955174699999999991e-04
3.600000254278266920e-02,8.039974000000000079e-04
3.624998986860014649e-02,-2.091964500000000147e-03
3.649997719441762378e-02,-4.717138899999999689e-05
3.675004398219478691e-02,4.200041400000000089e-04
3.700003130801226420e-02,-9.389846899999999743e-04
3.725001863382973455e-02,4.066435299999999857e-04
3.750000595964698979e-02,-3.989326599999999732e-04
3.774999328546446015e-02,-9.359049799999999766e-04
3.799998061128170845e-02,-2.820703699999999731e-04
3.825004739905910056e-02,3.128569299999999984e-04
3.850003472487657785e-02,-4.161722100000000003e-04
3.875002205069382616e-02,3.094162900000000001e-04
3.900000937651130345e-02,-4.757371900000000021e-04
3.924999670232878074e-02,-3.847786800000000014e-04
3.949998402814602905e-02,-6.664067400000000000e-04
3.974997135396350634e-02,1.700409800000000058e-04
4.000003814174066946e-02,-1.483682099999999874e-04
4.025002546755814675e-02,-1.182134800000000105e-03
4.050001279337561710e-02,-6.678339099999999967e-04
4.075000011919287235e-02,-3.017254000000000030e-04
4.099998744501034270e-02,-2.988253500000000239e-04
4.124997477082781999e-02,-2.650211200000000041e-04
4.150004155860498312e-02,3.003863200000000022e-04
4.175002888442246041e-02,-1.131207900000000049e-03
4.200001621023993770e-02,-5.432135099999999862e-04
4.225000353605718600e-02,1.726377000000000022e-04
4.249999086187466329e-02,-4.613629399999999762e-05
4.274997818769214059e-02,-8.430914900000000163e-04
4.300004497546930371e-02,-7.666140200000000175e-04
4.325003230128678100e-02,-2.016181700000000050e-04
4.350001962710402931e-02,-4.525914699999999827e-04
4.375000695292150660e-02,-4.609091299999999833e-04
4.399999427873897695e-02,-2.311125199999999880e-04
4.424998160455622526e-02,-2.251575600000000114e-04
4.449996893037370255e-02,-3.385504399999999929e-04
4.475003571815109465e-02,1.564701099999999919e-04
4.500002304396834296e-02,-1.461726999999999905e-04
4.525001036978582025e-02,-5.227494399999999550e-04
4.549999769560329754e-02,-4.091550300000000107e-04
4.574998502142054585e-02,4.169567099999999926e-04
4.599997234723802314e-02,-1.436565300000000047e-04
4.625003913501518626e-02,-1.230340299999999900e-04
4.650002646083266356e-02,-5.743580999999999719e-05
4.675001378665013391e-02,-7.764247599999999500e-04
4.700000111246738915e-02,1.743392399999999886e-04
4.724998843828485950e-02,-8.932360799999999488e-05
4.749997576410233679e-02,-7.233822500000000382e-04
4.775004255187949992e-02,-1.685171000000000065e-04
4.800002987769697721e-02,-8.901990499999999824e-05
4.825001720351445450e-02,3.119727100000000233e-04
4.850000452933170281e-02,-5.483265499999999924e-04
4.874999185514918010e-02,-4.055274400000000124e-04
4.899997918096642840e-02,1.080816700000000036e-04
4.925004596874382051e-02,2.322909300000000111e-04
4.950003329456129780e-02,6.717215800000000557e-05
4.975002062037854611e-02,-1.022583400000000005e-03
5.000000794619601646e-02,-4.197437999999999842e-04
5.024999527201349375e-02,-6.807302500000000272e-04
5.049998259783074206e-02,5.360984499999999799e-04
5.074996992364821935e-02,8.173455900000000296e-05
5.100003671142561146e-02,-1.387491499999999982e-03
5.125002403724285976e-02,1.212557900000000048e-04
5.150001136306033706e-02,-5.850261699999999770e-05
5.174999868887758536e-02,-5.002349700000000357e-04
5.199998601469506265e-02,1.240245700000000030e-04
5.224997334051253994e-02,4.405958899999999731e-04
5.250004012828970307e-02,-5.291148799999999697e-04
5.275002745410718036e-02,1.719035099999999922e-04
5.300001477992465071e-02,-5.311475400000000534e-04
5.325000210574190596e-02,7.931569600000000064e-04
5.349998943155937631e-02,-4.653065700000000196e-04
5.374997675737685360e-02,-5.598493600000000380e-04
5.400004354515401672e-02,2.175645799999999924e-04
5.425003087097149401e-02,-5.921136899999999677e-04
5.450001819678874232e-02,-6.237860700000000529e-05
5.475000552260621961e-02,-2.909800499999999992e-04
5.499999284842369690e-02,-3.856470600000000068e-04
5.524998017424094521e-02,-2.797765499999999971e-04
5.550004696201833732e-02,-3.222331399999999856e-04
5.575003428783581461e-02,-3.581943799999999923e-04
5.600002161365306291e-02,-4.586036000000000149e-04
5.625000893947053326e-02,-6.855653600000000385e-04
5.649999626528801056e-02,-1.873756899999999949e-04
5.674998359110525886e-02,-5.871979200000000329e-04
5.699997091692273615e-02,-2.197059400000000095e-04
5.725003770469989928e-02,8.439493299999999620e-04
5.750002503051737657e-02,-4.107920100000000073e-04
5.775001235633485386e-02,-8.981227399999999750e-04
5.799999968215210217e-02,-8.047179800000000280e-04
5.824998700796957946e-02,-2.627195499999999875e-04
5.849997433378705675e-02,4.919380199999999525e-04
5.875004112156421987e-02,-7.398711999999999780e-04
5.900002844738169716e-02,2.327295300000000106e-04
5.925001577319916751e-02,-2.860728299999999984e-05
5.950000309901642276e-02,6.502918499999999630e-05
5.974999042483389311e-02,-1.554306999999999889e-04
5.999997775065137040e-02,-4.837444999999999896e-04
6.025004453842853352e-02,-4.179928400000000100e-04
6.050003186424601082e-02,5.240787899999999663e-04
6.075001919006325912e-02,1.958757800000000045e-04
6.100000651588073641e-02,-5.685065100000000031e-04
6.124999384169821370e-02,5.691260100000000537e-04
6.149998116751546201e-02,1.748551800000000046e-04
6.175004795529285412e-02,-7.781262600000000149e-04
6.200003528111033141e-02,1.099346900000000023e-04
6.225002260692757972e-02,-4.673825700000000180e-04
6.250000993274505701e-02,-1.430597999999999885e-04
6.274999725856229837e-02,-3.484198699999999788e-04
6.299998458437977567e-02,-2.150457199999999947e-04
6.324997191019725296e-02,1.197169700000000038e-04
6.350003869797442302e-02,3.636693800000000035e-04
6.375002602379190031e-02,-3.839663599999999875e-04
6.400001334960936372e-02,9.542754199999999552e-05
6.425000067542661897e-02,-5.263147700000000160e-04
6.449998800124409626e-02,-7.944651700000000295e-04
6.474997532706157355e-02,-1.529853299999999958e-05
6.500004211483872973e-02,1.381815099999999922e-04
6.525002944065620702e-02,-7.218740400000000102e-04
6.550001676647346227e-02,1.524073500000000037e-04
6.575000409229093956e-02,3.018139500000000040e-04
6.599999141810841685e-02,-3.870731499999999822e-04
6.624997874392565822e-02,-8.059198100000000090e-04
6.650004553170305033e-02,7.953456300000000126e-04
6.675003285752052762e-02,-4.464728900000000254e-04
6.700002018333778286e-02,2.295982400000000096e-04
6.725000750915524628e-02,5.817715399999999671e-05
6.749999483497272357e-02,-4.119557299999999922e-04
6.774998216078997881e-02,-6.324794199999999754e-04
6.799996948660745610e-02,8.221248299999999679e-04
6.825003627438461229e-02,-1.092767199999999982e-03
6.850002360020208958e-02,-7.962400999999999594e-04
6.875001092601956687e-02,1.927961500000000125e-04
6.899999825183682212e-02,1.329706000000000106e-04
6.924998557765429941e-02,-6.053376100000000103e-04
6.949997290347177670e-02,-1.393747900000000121e-04
6.975003969124893288e-02,4.456348099999999984e-04
7.000002701706641017e-02,-6.699777800000000132e-04
7.025001434288388746e-02,-3.122480299999999846e-04
7.050000166870114271e-02,-1.312690300000000085e-04
7.074998899451860612e-02,-5.043849799999999802e-08
7.099997632033608341e-02,2.160162799999999924e-04
7.125004310811325348e-02,3.445196500000000041e-04
7.150003043393073077e-02,-7.964151800000000099e-04
7.175001775974797213e-02,-2.942812699999999750e-04
7.200000508556544943e-02,3.117994199999999760e-04
7.224999241138292672e-02,-9.704243099999999584e-04
7.249997973720018196e-02,-1.153382299999999991e-03
7.275004652497757407e-02,4.118129799999999943e-04
7.300003385079505136e-02,1.064344199999999905e-03
7.325002117661229273e-02,-1.429904999999999978e-03
7.350000850242977002e-02,-8.418776400000000347e-04
7.374999582824724731e-02,6.785447000000000223e-04
7.399998315406448868e-02,2.634923099999999987e-04
7.424997047988196597e-02,-6.046704800000000024e-04
7.450003726765913603e-02,-5.373912499999999957e-04
7.475002459347661332e-02,4.996349799999999812e-04
7.500001191929409061e-02,1.086285800000000041e-04
7.524999924511133198e-02,9.978813100000000582e-05
7.549998657092880927e-02,3.217407000000000144e-04
7.574997389674628656e-02,-7.778158599999999848e-04
7.600004068452345662e-02,-6.960038899999999645e-04
7.625002801034093391e-02,4.026395900000000194e-04
7.650001533615839733e-02,-1.133188899999999907e-03
7.675000266197565257e-02,-3.639718399999999931e-04
7.699998998779312986e-02,5.806322699999999851e-04
7.724997731361037123e-02,1.081740900000000043e-04
7.750004410138776334e-02,-4.773516499999999954e-04
7.775003142720524063e-02,-1.109420899999999941e-03
7.800001875302249588e-02,5.788687799999999882e-04
7.825000607883997317e-02,-1.019774799999999959e-04
7.849999340465745046e-02,-2.703111100000000155e-04
7.874998073047469183e-02,-3.704986499999999666e-05
7.900004751825208393e-02,-2.905206799999999833e-05
7.925003484406933918e-02,-5.763014800000000170e-04
7.950002216988681647e-02,1.142268700000000020e-06
7.975000949570427988e-02,8.258724500000000010e-04
7.999999682152153513e-02,-9.296879799999999919e-04
8.024998414733901242e-02,-5.426840999999999767e-05
8.049997147315648971e-02,1.265764599999999939e-03
8.075003826093364590e-02,-5.144714300000000176e-05
8.100002558675112319e-02,-7.582289099999999470e-04
8.125001291256860048e-02,-1.688657499999999883e-04
8.150000023838585572e-02,9.315656900000000374e-04
8.174998756420333301e-02,-8.674822700000000457e-04
8.199997489002079643e-02,-7.982850500000000489e-04
8.225004167779796649e-02,-4.924862100000000222e-06
8.250002900361544378e-02,1.944905899999999901e-04
8.275001632943269902e-02,-1.374991800000000051e-04
8.300000365525016244e-02,1.913730899999999916e-04
8.324999098106763973e-02,-2.676628900000000214e-04
8.349997830688489497e-02,7.543897000000000525e-05
8.375004509466228708e-02,-1.841187700000000010e-04
8.400003242047976437e-02,-4.461767799999999786e-04
8.425001974629700574e-02,-2.407415899999999916e-04
8.450000707211448303e-02,3.655138399999999861e-04
8.474999439793196032e-02,-2.661323300000000155e-04
8.499998172374921557e-02,-4.805632800000000059e-04
8.524996904956669286e-02,-8.638978099999999882e-05
8.550003583734384904e-02,4.909154299999999877e-04
8.575002316316132633e-02,-6.808811299999999568e-04
8.600001048897880362e-02,3.564172299999999885e-04
8.624999781479605887e-02,1.931864200000000056e-04
8.649998514061352228e-02,-2.022382100000000120e-04
8.674997246643099957e-02,5.689739900000000171e-04
8.700003925420816964e-02,-6.335091700000000344e-05
8.725002658002564693e-02,-7.588035399999999622e-04
8.750001390584312422e-02,3.209594300000000178e-04
8.775000123166036559e-02,2.810225099999999888e-04
8.799998855747784288e-02,-3.584703699999999870e-04
8.824997588329509812e-02,-5.629157399999999570e-04
8.850004267107249023e-02,3.077954900000000240e-04
8.875002999688996752e-02,2.222686900000000012e-04
8.900001732270720889e-02,-3.716205099999999911e-04
8.925000464852468618e-02,-2.371586500000000134e-04
8.949999197434216347e-02,2.650533299999999941e-04
8.974997930015940484e-02,-3.883614400000000213e-04
9.000004608793679695e-02,-9.164007100000000306e-04
9.025003341375427424e-02,-4.625502500000000256e-04
9.050002073957152948e-02,3.083969799999999937e-04
9.075000806538900677e-02,-7.129465400000000114e-04
9.099999539120624814e-02,-2.832468800000000259e-04
9.124998271702372543e-02,2.783221799999999950e-04
9.149997004284120272e-02,-3.816428199999999924e-04
9.175003683061837279e-02,-7.235670800000000525e-04
9.200002415643585008e-02,1.023725199999999920e-03
9.225001148225331349e-02,-3.958683599999999829e-04
9.249999880807056873e-02,-7.246733899999999650e-04
9.274998613388804602e-02,1.351259600000000042e-04
9.299997345970552332e-02,1.428586400000000109e-04
9.325004024748267950e-02,-4.970321400000000039e-05
9.350002757330015679e-02,-6.460045499999999608e-05
9.375001489911741204e-02,2.665659199999999762e-04
9.400000222493488933e-02,-7.112846199999999777e-04
9.424998955075236662e-02,-7.365035600000000449e-04
9.449997687656960799e-02,1.331285899999999904e-04
9.475004366434700009e-02,-7.410088499999999958e-05
9.500003099016447738e-02,-9.248015700000000510e-05
9.525001831598173263e-02,1.963565300000000118e-04
9.550000564179919604e-02,-6.204410599999999817e-04
9.574999296761667333e-02,-1.806256299999999893e-04
9.599998029343392858e-02,1.438143399999999991e-04
9.625004708121132069e-02,1.303505499999999949e-04
9.650003440702856206e-02,-8.867115300000000385e-04
9.675002173284603935e-02,2.720750099999999936e-05
9.700000905866351664e-02,-1.942063500000000011e-04
9.724999638448077188e-02,1.246782799999999938e-04
9.749998371029824917e-02,7.735277099999999639e-05
9.774997103611571259e-02,-2.798617200000000057e-04
9.800003782389288265e-02,-2.469701099999999962e-04
9.825002514971035994e-02,1.139615700000000013e-04
9.850001247552783723e-02,2.583708999999999897e-04
9.874999980134507860e-02,2.915708100000000044e-05
9.899998712716255589e-02,-8.348371599999999601e-04
9.924997445298003318e-02,-2.504052100000000135e-04
9.950004124075720324e-02,6.439372300000000275e-05
9.975002856657468053e-02,4.118157199999999962e-04
1.000000158923919219e-01,-2.528278199999999865e-04
1.002500032182093992e-01,-2.153018300000000081e-04
1.004999905440268765e-01,4.489266700000000242e-04
1.007499778698441317e-01,-7.573385699999999774e-04
1.010000446576215238e-01,-2.538183999999999753e-04
1.012500319834389872e-01,4.024919799999999797e-04
1.015000193092562425e-01,8.816320600000000633e-05
1.017500066350737198e-01,7.042286199999999558e-05
1.019999939608909750e-01,-1.220906099999999935e-04
1.022499812867084384e-01,1.198582499999999938e-04
1.025000480744858306e-01,4.385768299999999735e-04
1.027500354003030858e-01,-1.912623600000000110e-04
1.030000227261205631e-01,-8.452639399999999992e-04
1.032500100519380404e-01,1.409470300000000063e-04
1.034999973777552817e-01,-1.688075300000000084e-04
1.037499847035727590e-01,-1.898665800000000079e-05
1.039999720293902363e-01,1.115340199999999944e-04
1.042500388171674064e-01,-1.073346900000000069e-03
1.045000261429848837e-01,1.884815900000000007e-04
1.047500134688021250e-01,8.553938699999999668e-04
1.050000007946196023e-01,3.054007399999999806e-05
1.052499881204370796e-01,-2.128514700000000046e-04
1.054999754462543210e-01,-3.002368000000000051e-04
1.057500422340317131e-01,1.166999600000000013e-04
1.060000295598491904e-01,-5.128272100000000160e-04
1.062500168856664456e-01,5.337405499999999800e-05
1.065000042114839229e-01,-1.161220900000000034e-04
1.067499915373014002e-01,2.441502999999999924e-04
1.069999788631186416e-01,-4.428976300000000152e-04
1.072500456508960337e-01,-3.004997100000000062e-04
1.075000329767132889e-01,6.537881300000000047e-04
1.077500203025307662e-01,1.195835000000000046e-04
1.080000076283482296e-01,-1.385869700000000098e-03
1.082499949541654849e-01,-4.689151499999999755e-04
1.084999822799829622e-01,1.145034000000000069e-03
1.087499696058004395e-01,6.926343599999999670e-05
1.090000363935775957e-01,-3.360192300000000121e-04
1.092500237193950730e-01,3.405230000000000192e-04
1.095000110452125502e-01,1.611021800000000026e-04
1.097499983710298055e-01,-1.711730099999999897e-05
1.099999856968472828e-01,4.646636700000000126e-04
1.102499730226647462e-01,-3.201979800000000253e-04
1.105000398104419163e-01,-1.663213600000000071e-04
1.107500271362593935e-01,9.188877799999999323e-05
1.110000144620766488e-01,1.659319299999999982e-05
1.112500017878941122e-01,5.825997800000000106e-05
1.114999891137115895e-01,1.513057500000000006e-04
1.117499764395288447e-01,-2.465727299999999800e-04
1.120000432273062368e-01,1.469901299999999960e-04
1.122500305531237141e-01,-1.025943599999999987e-04
1.125000178789409555e-01,-2.033247899999999944e-04
1.127500052047584328e-01,2.562762499999999741e-04
1.129999925305759101e-01,4.748903100000000099e-04
1.132499798563931653e-01,-5.725082299999999496e-04
1.135000466441705574e-01,-8.073683500000000506e-05
1.137500339699877988e-01,2.908402000000000144e-04
1.140000212958052761e-01,6.721590499999999897e-04
1.142500086216227534e-01,-1.283292500000000067e-03
1.144999959474399948e-01,-1.105377800000000108e-03
1.147499832732574720e-01,6.514735899999999887e-04
1.149999705990749493e-01,-2.565909399999999926e-04
1.152500373868521194e-01,-5.519000899999999907e-04
1.155000247126695967e-01,-3.589976399999999959e-04
1.157500120384868381e-01,9.026155399999999602e-04
1.159999993643043154e-01,-3.377072200000000128e-04
1.162499866901217926e-01,-1.144638799999999961e-03
1.164999740159390479e-01,6.181395200000000349e-05
1.167500408037164400e-01,5.623035699999999991e-04
1.170000281295339034e-01,-4.664116500000000222e-04
1.172500154553511587e-01,-6.757750700000000324e-04
1.175000027811686359e-01,7.801752200000000191e-04
1.177499901069861132e-01,5.168961300000000285e-05
1.179999774328033546e-01,-8.151498200000000145e-04
1.182500442205807467e-01,6.783493699999999782e-05
1.185000315463980020e-01,5.894482299999999602e-04
1.187500188722154792e-01,-9.332831600000000404e-04
1.190000061980329565e-01,2.710677000000000204e-04
1.192499935238501979e-01,5.581680999999999795e-04
1.194999808496676752e-01,-4.539962799999999873e-04
1.197500476374450673e-01,-6.563324600000000359e-04
1.200000349632623226e-01,-5.238043299999999838e-04
1.202500222890797998e-01,-3.988514299999999964e-05
1.205000096148972633e-01,4.459361800000000067e-04
1.207499969407145185e-01,-1.471250599999999991e-05
1.209999842665319958e-01,2.976741500000000000e-05
1.212499715923494731e-01,1.774164299999999998e-04
1.215000383801266293e-01,-3.341392400000000240e-04
1.217500257059441066e-01,-3.577387100000000049e-04
1.220000130317613618e-01,-1.951715199999999877e-04
1.222500003575788391e-01,1.205579900000000061e-04
1.224999876833963164e-01,-6.050138700000000499e-04
1.227499750092135578e-01,1.650465800000000050e-04
1.230000417969909499e-01,-4.082641999999999933e-04
1.232500291228084272e-01,-3.408896499999999863e-04
1.235000164486256824e-01,4.580278400000000155e-04
1.237500037744431458e-01,-6.446543999999999582e-04
1.239999911002606231e-01,-5.364879700000000154e-04
1.242499784260778783e-01,3.032025099999999967e-04
1.245000452138552705e-01,8.115863299999999739e-04
1.247500325396725118e-01,-1.132076899999999962e-03
1.250000198654900030e-01,-5.929014299999999698e-04
1.252500071913074664e-01,7.205246000000000437e-04
1.254999945171247078e-01,2.725268399999999903e-04
1.257499818429421989e-01,-3.175676899999999980e-04
1.260000486307195910e-01,-3.875406300000000097e-05
1.262500359565368324e-01,6.985649000000000242e-04
1.265000232823543236e-01,-4.535229000000000213e-04
1.267500106081717870e-01,-1.995560500000000017e-04
1.269999979339890284e-01,1.914225199999999936e-04
1.272499852598065195e-01,-6.713740100000000139e-05
1.274999725856237609e-01,4.021716699999999746e-04
1.277500393734011530e-01,-7.391010000000000375e-04
1.280000266992186164e-01,-3.514094900000000167e-05
1.282500140250358855e-01,1.098126200000000010e-04
1.285000013508533490e-01,1.580003099999999997e-04
1.287499886766708401e-01,3.186803199999999884e-06
1.289999760024880815e-01,2.333631600000000061e-04
1.292500427902654736e-01,-1.958527900000000090e-04
1.295000301160829370e-01,7.069998599999999906e-05
1.297500174419002061e-01,-1.030040100000000076e-06
1.300000047677176696e-01,5.366633000000000427e-04
1.302499920935349109e-01,-1.042993799999999928e-03
1.304999794193524021e-01,-3.035209099999999901e-04
1.307500462071297942e-01,5.862640299999999577e-04
1.310000335329470356e-01,-2.286195400000000117e-04
1.312500208587644990e-01,-1.699296100000000144e-05
1.315000081845819901e-01,4.620522300000000165e-04
1.317499955103992315e-01,-7.116568800000000255e-04
1.319999828362167227e-01,2.360177200000000100e-04
1.322499701620341861e-01,2.960930299999999741e-04
1.325000369498113562e-01,-1.307329000000000032e-04
1.327500242756288196e-01,2.043665199999999970e-04
1.330000116014460887e-01,1.979480000000000096e-04
1.332499989272635521e-01,-2.185816999999999947e-04
1.334999862530810155e-01,-6.627148299999999475e-04
1.337499735788982846e-01,-4.597309000000000269e-04
1.340000403666756768e-01,2.255913500000000132e-04
1.342500276924931402e-01,8.059460900000000043e-05
1.345000150183103815e-01,6.417737900000000456e-07
1.347500023441278727e-01,1.007973400000000008e-04
1.349999896699453361e-01,-9.058803499999999774e-04
1.352499769957626052e-01,8.320611799999999732e-04
1.355000437835399973e-01,4.523533800000000102e-04
1.357500311093572387e-01,-5.916859400000000361e-04
1.360000184351747021e-01,-3.750973700000000024e-04
1.362500057609921933e-01,4.253104599999999835e-04
1.364999930868094347e-01,9.418263100000000537e-04
1.367499804126268981e-01,-4.013217199999999981e-04
1.370000472004042902e-01,-4.703015599999999939e-04
1.372500345262215593e-01,7.133979600000000133e-04
1.375000218520390227e-01,1.669333999999999965e-04
1.377500091778565139e-01,-1.160182799999999893e-03
1.379999965036737553e-01,9.480340999999999768e-04
1.382499838294912187e-01,1.301883799999999937e-04
1.384999711553087098e-01,-1.355938799999999948e-03
1.387500379430858799e-01,-3.408329899999999665e-05
1.390000252689033433e-01,1.917243599999999941e-04
1.392500125947205847e-01,-2.417292200000000044e-04
1.394999999205380758e-01,-3.106608299999999738e-04
1.397499872463555393e-01,-2.569383400000000090e-04
1.399999745721727806e-01,-3.958436500000000026e-04
1.402500413599501727e-01,4.224945799999999972e-04
1.405000286857676639e-01,-1.622589999999999994e-05
1.407500160115849053e-01,-1.002590200000000049e-04
1.410000033374023964e-01,-9.143940099999999741e-04
1.412499906632196378e-01,3.667395799999999999e-04
1.414999779890371012e-01,3.107317900000000047e-04
1.417500447768144933e-01,-5.820774700000000369e-06
1.420000321026317625e-01,-1.563384399999999966e-05
1.422500194284492259e-01,-8.082310700000000124e-05
1.425000067542666893e-01,-3.957919300000000166e-04
1.427499940800839584e-01,-5.712114599999999678e-04
1.429999814059014218e-01,1.905357699999999906e-04
1.432500481936788139e-01,6.405539900000000331e-04
1.435000355194960553e-01,-6.749776599999999637e-04
1.437500228453135465e-01,-5.608485800000000349e-04
1.440000101711307878e-01,7.551129300000000277e-04
1.442499974969482790e-01,4.559783500000000149e-05
1.444999848227657424e-01,-3.487819099999999893e-04
1.447499721485829838e-01,-4.728060000000000265e-05
1.450000389363603759e-01,-1.208187600000000094e-03
1.452500262621778671e-01,2.828632000000000195e-04
1.455000135879951084e-01,5.666855400000000509e-04
1.457500009138125718e-01,-1.116281200000000042e-04
1.459999882396300630e-01,-1.287564599999999927e-03
1.462499755654473044e-01,8.285170499999999858e-04
1.465000423532246965e-01,3.201118600000000180e-04
1.467500296790419378e-01,-4.095890799999999765e-04
1.470000170048594290e-01,-5.523296000000000455e-04
1.472500043306768924e-01,6.096070400000000227e-04
1.474999916564941616e-01,1.735000100000000099e-05
1.477499789823116250e-01,-2.574410099999999775e-04
1.480000457700890171e-01,2.973604499999999763e-04
1.482500330959062584e-01,4.033869499999999885e-04
1.485000204217237496e-01,-4.981290199999999615e-04
1.487500077475412130e-01,-3.864544799999999761e-04
1.489999950733584544e-01,2.931686000000000106e-05
1.492499823991759456e-01,-2.299079599999999922e-04
1.494999697249934090e-01,8.345141399999999687e-05
1.497500365127705790e-01,-5.165201699999999929e-05
1.500000238385880702e-01,-8.905018200000000073e-05
1.502500111644053116e-01,2.723883499999999922e-04
1.504999984902227750e-01,-5.575021200000000385e-04
1.507499858160402662e-01,1.052584199999999998e-05
1.509999731418575075e-01,2.673503999999999941e-04
1.512500399296348996e-01,-4.492840900000000096e-04
1.515000272554523630e-01,-3.563546400000000146e-04
1.517500145812696322e-01,2.414442799999999935e-04
1.520000019070870956e-01,-5.552226499999999686e-04
1.522499892329045867e-01,2.574246000000000086e-04
1.524999765587218281e-01,-1.881725899999999872e-04
1.527500433464992202e-01,-2.742907499999999894e-04
1.530000306723164616e-01,-1.792569599999999921e-04
1.532500179981339528e-01,7.659459400000000380e-05
1.535000053239514162e-01,1.218207999999999975e-04
1.537499926497686575e-01,-5.559411499999999517e-04
1.539999799755861487e-01,3.276873100000000168e-04
1.542500467633635408e-01,1.935277499999999904e-04
1.545000340891807822e-01,1.483461899999999919e-04
1.547500214149982456e-01,-5.506400399999999756e-05
1.550000087408155147e-01,-4.395754300000000083e-04
1.552499960666329781e-01,-1.697546000000000094e-05
1.554999833924504693e-01,-1.312427699999999876e-04
1.557499707182677107e-01,3.440074000000000024e-05
1.560000375060451028e-01,4.928142000000000156e-04
1.562500248318625662e-01,-5.956289999999999718e-04
1.565000121576798353e-01,-7.489396599999999715e-04
1.567499994834972987e-01,7.331234699999999863e-04
1.569999868093147899e-01,2.289927799999999926e-05
1.572499741351320313e-01,-3.436922199999999767e-04
1.575000409229094234e-01,-5.960683599999999838e-05
1.577500282487266647e-01,1.848742899999999988e-04
1.580000155745441559e-01,-1.788860900000000009e-04
1.582500029003616193e-01,-9.629018199999999579e-06
1.584999902261788607e-01,-2.219899299999999890e-04
1.587499775519963519e-01,-1.688985100000000032e-04
1.590000443397737440e-01,-3.486060699999999940e-04
1.592500316655909853e-01,3.475002599999999810e-04
1.595000189914084487e-01,4.397599999999999773e-04
1.597500063172259399e-01,3.060478600000000253e-04
1.599999936430431813e-01,-4.799957599999999866e-04
1.602499809688606724e-01,-1.020206499999999937e-04
1.605000477566378148e-01,-2.048131900000000054e-04
1.607500350824553059e-01,3.156513599999999885e-04
1.610000224082727693e-01,1.312011900000000062e-04
1.612500097340900385e-01,-9.127949100000000253e-04
1.614999970599075019e-01,-3.506336799999999819e-04
1.617499843857249653e-01,2.264537799999999954e-04
1.619999717115422344e-01,3.075106600000000073e-04
1.622500384993196265e-01,1.577686399999999884e-04
1.625000258251370899e-01,-3.030153100000000199e-04
1.627500131509543313e-01,-2.781022200000000033e-05
1.630000004767718225e-01,-2.850085700000000053e-04
1.632499878025892859e-01,-8.475561099999999546e-04
1.634999751284065550e-01,5.734173800000000017e-04
1.637500419161839471e-01,4.493599999999999938e-04
1.640000292420011885e-01,-4.701415299999999798e-04
1.642500165678186519e-01,-5.508736599999999742e-04
1.645000038936361431e-01,3.056026099999999807e-04
1.647499912194533844e-01,4.479761899999999946e-04
1.649999785452708478e-01,-2.512198000000000100e-04
1.652500453330482399e-01,-9.498014099999999970e-04
1.655000326588655091e-01,4.127266100000000210e-05
1.657500199846829725e-01,7.945829699999999761e-04
1.660000073105004637e-01,-1.501671399999999969e-04
1.662499946363177050e-01,7.789951899999999368e-05
1.664999819621351684e-01,-1.916918799999999987e-05
1.667500487499123385e-01,1.116603499999999956e-04
1.670000360757298297e-01,2.239056099999999936e-04
1.672500234015472931e-01,3.347425700000000140e-04
1.675000107273645344e-01,-8.647180299999999856e-04
1.677499980531820256e-01,-1.923122199999999996e-04
1.679999853789994890e-01,2.442705999999999784e-04
1.682499727048167304e-01,1.628418100000000109e-04
1.685000394925941225e-01,2.583472799999999908e-04
1.687500268184116137e-01,-3.684011500000000227e-04
1.690000141442288550e-01,3.131493599999999911e-05
1.692500014700463462e-01,-4.726392399999999753e-04
1.694999887958635876e-01,1.774590099999999833e-05
1.697499761216810510e-01,-1.932892700000000041e-04
1.700000429094584431e-01,1.945426799999999885e-04
1.702500302352757122e-01,-9.329907099999999514e-04
1.705000175610931756e-01,1.245784800000000053e-04
1.707500048869106390e-01,9.718918100000000252e-04
1.709999922127279082e-01,-1.117551700000000015e-04
1.712499795385453716e-01,-3.114143600000000085e-04
1.715000463263225416e-01,1.453806299999999972e-04
1.717500336521400051e-01,-1.584130799999999947e-04
1.720000209779574962e-01,-6.049773799999999909e-05
1.722500083037747376e-01,5.994464100000000082e-05
1.724999956295922288e-01,-2.288081299999999909e-04
1.727499829554096922e-01,-3.964714299999999819e-04
1.729999702812269335e-01,4.540770200000000248e-04
1.732500370690043257e-01,5.867517900000000352e-04
1.735000243948218168e-01,-6.320567800000000082e-04
1.737500117206390582e-01,-3.052160400000000025e-05
1.739999990464565216e-01,-1.511167999999999962e-04
1.742499863722740128e-01,-3.169069099999999870e-04
1.744999736980912541e-01,3.307480999999999919e-04
1.747500404858686462e-01,9.210848200000000497e-04
1.750000278116858876e-01,-6.304590599999999661e-04
1.752500151375033788e-01,-6.427346699999999819e-04
1.755000024633208422e-01,1.408909800000000020e-04
1.757499897891381113e-01,9.156632099999999653e-04
1.759999771149555747e-01,-8.102450399999999676e-04
1.762500439027329668e-01,-8.203340000000000371e-04
1.765000312285502082e-01,1.514287800000000013e-04
1.767500185543676994e-01,-3.124626900000000121e-04
1.770000058801851628e-01,5.285373300000000213e-04
1.772499932060024042e-01,4.498840000000000044e-04
1.774999805318198953e-01,3.746135900000000137e-04
1.777500473195970654e-01,-3.999814099999999791e-04
1.780000346454145288e-01,-4.790023700000000046e-05
1.782500219712320200e-01,4.531628899999999766e-04
1.785000092970492613e-01,-2.769399999999999878e-04
1.787499966228667247e-01,3.367536500000000246e-04
1.789999839486842159e-01,1.191156700000000067e-04
1.792499712745014573e-01,-8.138185700000000059e-04
1.795000380622788494e-01,1.361724699999999888e-04
1.797500253880963128e-01,4.389226200000000263e-04
1.800000127139135819e-01,-8.712176199999999929e-04
1.802500000397310453e-01,-3.357940699999999818e-04
1.804999873655482867e-01,-4.917851900000000083e-04
1.807499746913657779e-01,-2.042000899999999960e-04
1.810000414791431700e-01,4.406580700000000132e-04
1.812500288049604114e-01,8.258184099999999611e-04
1.815000161307779025e-01,1.409291700000000038e-04
1.817500034565953659e-01,-5.221863299999999868e-04
1.819999907824126073e-01,3.450674399999999848e-04
1.822499781082300985e-01,4.023743799999999929e-04
1.825000448960074906e-01,-3.060091399999999729e-04
1.827500322218247319e-01,4.240782800000000071e-05
1.830000195476421954e-01,6.623392699999999670e-05
1.832500068734594645e-01,4.639673700000000105e-04
1.834999941992769279e-01,1.289817700000000036e-04
1.837499815250944191e-01,7.603222900000000499e-04
1.840000483128715614e-01,-5.489397699999999831e-04
1.842500356386890525e-01,-1.313748899999999872e-04
1.845000229645065160e-01,1.939819999999999869e-04
1.847500102903237851e-01,-2.765249200000000074e-04
1.849999976161412485e-01,-1.034721199999999962e-04
1.852499849419587397e-01,-1.737911399999999930e-05
1.854999722677759810e-01,-1.849668499999999958e-04
1.857500390555533731e-01,-8.060887799999999709e-04
1.860000263813706145e-01,5.679811899999999951e-05
1.862500137071881057e-01,6.921514999999999612e-04
1.865000010330055691e-01,-4.182200899999999832e-04
1.867499883588228105e-01,-2.806597300000000079e-04
1.869999756846403016e-01,7.050733300000000536e-04
1.872500424724176937e-01,-1.119770500000000056e-04
1.875000297982349351e-01,-3.444061299999999774e-04
1.877500171240523985e-01,3.513812400000000192e-04
1.880000044498698897e-01,5.948454000000000155e-04
1.882499917756871310e-01,-1.107699400000000103e-03
1.884999791015046222e-01,-5.999349199999999891e-05
1.887500458892817645e-01,4.747662599999999920e-04
1.890000332150992557e-01,-2.391762299999999908e-04
1.892500205409167191e-01,-5.098066299999999670e-05
1.895000078667339882e-01,6.843120799999999684e-04
1.897499951925514516e-01,-9.004353099999999480e-04
1.899999825183689151e-01,-2.673741400000000015e-04
1.902499698441861842e-01,3.741390100000000179e-04
1.905000366319635763e-01,-9.961798899999999718e-05
1.907500239577810397e-01,-3.642748099999999778e-05
1.910000112835982811e-01,-4.493630900000000067e-04
1.912499986094157722e-01,-5.491163099999999461e-04
1.914999859352332356e-01,9.637548199999999648e-05
1.917499732610505048e-01,1.434081500000000035e-04
1.920000400488278969e-01,-6.841403900000000602e-05
1.922500273746451382e-01,2.368684100000000112e-04
1.925000147004626017e-01,2.317032499999999910e-04
1.927500020262800928e-01,6.056379899999999629e-04
1.929999893520973342e-01,-1.104180099999999996e-03
1.932499766779147976e-01,-3.224377300000000270e-04
1.935000434656921897e-01,4.414989199999999766e-04
1.937500307915094588e-01,3.043769899999999753e-04
1.940000181173269223e-01,-3.125188199999999949e-04
1.942500054431441636e-01,6.125070299999999706e-04
1.944999927689616548e-01,3.167187099999999944e-04
1.947499800947791182e-01,-3.783568399999999985e-04
1.950000468825562883e-01,1.892952799999999885e-04
1.952500342083737794e-01,-7.487308000000000244e-04
1.955000215341912428e-01,-2.987858700000000267e-04
1.957500088600084842e-01,-2.594037700000000028e-05
1.959999961858259754e-01,8.295704299999999767e-04
1.962499835116434388e-01,-6.199174699999999592e-04
1.964999708374606802e-01,-1.602305599999999874e-04
1.967500376252380723e-01,6.758570799999999825e-04
1.970000249510553414e-01,4.325410200000000195e-04
1.972500122768728048e-01,-4.876909399999999721e-05
1.974999996026902960e-01,-4.520418200000000074e-04
1.977499869285075373e-01,-3.132762200000000158e-04
1.979999742543250008e-01,-3.116289200000000020e-04
1.982500410421023929e-01,-4.499751999999999875e-04
1.985000283679196620e-01,-8.704890000000000609e-05
1.987500156937371254e-01,2.531138499999999788e-04
1.990000030195545888e-01,-5.845530400000000014e-05
1.992499903453718579e-01,-1.597665899999999885e-04
1.994999776711893213e-01,-1.449044499999999980e-04
1.997500444589664914e-01,2.722195600000000158e-04
2.000000317847839548e-01,-9.821761500000000204e-04
2.002500191106014460e-01,2.214338300000000147e-06
2.005000064364186874e-01,7.638587100000000536e-04
2.007499937622361785e-01,-3.318350699999999745e-05
2.009999810880536419e-01,-5.520049000000000180e-04
2.012500478758308120e-01,5.848269400000000260e-04
2.015000352016482754e-01,8.168627099999999953e-04
2.017500225274657666e-01,-7.640422500000000183e-04
2.020000098532830080e-01,-3.085081899999999808e-04
2.022499971791004714e-01,8.749104499999999472e-04
2.024999845049179625e-01,-2.073628099999999866e-04
2.027499718307352039e-01,-5.710643000000000273e-04
2.030000386185125960e-01,1.776468099999999886e-04
2.032500259443298374e-01,5.332162799999999505e-04
2.035000132701473285e-01,-7.158062599999999746e-04
2.037500005959647920e-01,-4.461314200000000038e-04
2.039999879217820611e-01,5.034547299999999779e-04
2.042499752475995245e-01,6.607640500000000082e-04
2.045000420353769166e-01,-3.831944200000000065e-04
2.047500293611941580e-01,-9.326197800000000102e-04
2.050000166870116491e-01,-2.638841099999999769e-04
2.052500040128291126e-01,5.025814999999999585e-06
2.054999913386463539e-01,-1.211353699999999969e-04
2.057499786644638451e-01,6.334411300000000180e-04
2.060000454522410152e-01,7.932775000000000633e-05
2.062500327780584786e-01,-5.165700499999999586e-04
2.065000201038759697e-01,4.772090499999999944e-04
2.067500074296932111e-01,4.916893800000000144e-04
2.069999947555106745e-01,2.605463800000000016e-05
2.072499820813281657e-01,-3.610532399999999767e-04
2.075000488691053357e-01,-5.561173499999999721e-04
2.077500361949227992e-01,-2.362797100000000011e-04
2.080000235207402626e-01,7.536017899999999979e-04
2.082500108465575317e-01,-5.864288899999999709e-04
2.084999981723749951e-01,-3.780018699999999812e-04
2.087499854981922365e-01,2.508758000000000147e-04
2.089999728240097276e-01,-1.014040499999999969e-04
2.092500396117871198e-01,-4.896859700000000390e-04
2.095000269376043611e-01,4.197664999999999730e-04
2.097500142634218523e-01,8.389596400000000603e-05
2.100000015892393157e-01,-3.386031400000000203e-04
2.102499889150565571e-01,2.481842399999999974e-04
2.104999762408740482e-01,5.971438399999999622e-04
2.107500430286512183e-01,-5.888101000000000158e-05
2.110000303544686817e-01,-5.320722499999999472e-04
2.112500176802861451e-01,-1.245247200000000121e-04
2.115000050061034143e-01,5.162408899999999714e-04
2.117499923319208777e-01,5.519902800000000116e-05
2.119999796577383688e-01,-5.788749999999999625e-04
2.122500464455155111e-01,-7.123681999999999671e-04
2.125000337713330023e-01,1.163411700000000013e-04
2.127500210971504657e-01,-6.899168900000000209e-05
2.130000084229677348e-01,5.109353899999999728e-04
2.132499957487851983e-01,-2.980864100000000204e-04
2.134999830746026617e-01,-3.396791299999999802e-04
2.137499704004199308e-01,-5.725857300000000043e-05
2.140000371881973229e-01,7.034830200000000014e-04
2.142500245140145643e-01,-1.345838500000000040e-05
2.145000118398320277e-01,-7.905581000000000500e-04
2.147499991656495189e-01,-1.405789999999999969e-04
2.149999864914667602e-01,1.364296399999999950e-04
2.152499738172842514e-01,5.791148700000000324e-04
2.155000406050616435e-01,2.142355399999999949e-04
2.157500279308788849e-01,-7.933125600000000494e-04
2.160000152566963483e-01,-7.892283299999999823e-04
2.162500025825138394e-01,2.047699499999999892e-04
2.164999899083310808e-01,9.030419699999999621e-04
2.167499772341485720e-01,1.120403600000000028e-04
2.170000440219257143e-01,-5.987536600000000105e-04
2.172500313477432055e-01,4.422542499999999746e-04
2.175000186735606689e-01,3.417082699999999802e-04
2.177500059993779380e-01,-1.383632699999999950e-04
2.179999933251954014e-01,1.420097200000000116e-04
2.182499806510128648e-01,-2.942915799999999780e-04
2.185000474387900349e-01,-2.975445300000000058e-04
2.187500347646075260e-01,-6.466312899999999758e-04
2.190000220904249895e-01,6.096053500000000536e-04
2.192500094162422308e-01,9.664963199999999791e-04
2.194999967420597220e-01,-1.290014000000000080e-04
2.197499840678769634e-01,-7.181973400000000052e-04
2.199999713936944545e-01,1.345122499999999927e-04
2.202500381814718466e-01,8.937095599999999489e-04
2.205000255072890880e-01,-3.996371099999999899e-04
2.207500128331065514e-01,-7.249609799999999580e-04
2.210000001589240426e-01,-1.184802000000000045e-04
2.212499874847412840e-01,4.282853300000000196e-04
2.214999748105587474e-01,3.014062800000000066e-05
2.217500415983361395e-01,-4.440428700000000083e-04
2.220000289241534086e-01,1.540305699999999865e-04
2.222500162499708720e-01,4.223169999999999751e-05
2.225000035757881134e-01,-1.562094200000000105e-04
2.227499909016056046e-01,-4.951021899999999767e-04
2.229999782274230680e-01,6.321261000000000328e-04
2.232500450152002380e-01,5.147580699999999712e-04
2.235000323410177292e-01,-3.674706299999999800e-04
2.237500196668351926e-01,-2.298400600000000127e-04
2.240000069926524340e-01,2.061749300000000125e-05
2.242499943184699251e-01,1.487127499999999934e-04
2.244999816442873886e-01,-3.667657300000000268e-04
2.247500484320645586e-01,6.787950999999999751e-04
2.250000357578820220e-01,3.413387600000000028e-04
2.252500230836992912e-01,5.259097799999999960e-04
2.255000104095167546e-01,7.382649399999999891e-06
2.257499977353342457e-01,5.541737400000000058e-04
2.259999850611514871e-01,2.886354900000000245e-04
2.262499723869689505e-01,1.833775900000000035e-04
2.265000391747463426e-01,-1.858687499999999880e-04
2.267500265005636118e-01,-1.050872000000000004e-03
2.270000138263810752e-01,2.051397599999999876e-04
2.272500011521985386e-01,7.267019999999999686e-04
2.274999884780158077e-01,4.077100500000000014e-04
2.277499758038332711e-01,-1.513168600000000053e-04
2.280000425916104412e-01,-5.766543800000000115e-04
2.282500299174279046e-01,6.061045799999999689e-05
2.285000172432453958e-01,2.961465999999999947e-04
2.287500045690626371e-01,2.105307299999999886e-04
2.289999918948801283e-01,-1.824991700000000005e-04
2.292499792206975917e-01,4.299832399999999689e-05
2.295000460084747618e-01,-3.396936199999999774e-04
2.297500333342922252e-01,4.247233400000000026e-04
2.300000206601097164e-01,2.054318299999999958e-04
2.302500079859269577e-01,-2.119643299999999879e-04
2.304999953117444211e-01,-1.912028300000000072e-04
2.307499826375619123e-01,-8.031426599999999809e-05
2.310000494253390824e-01,4.928178999999999763e-04
2.312500367511565458e-01,5.069395299999999755e-05
2.315000240769737871e-01,1.328392400000000099e-04
2.317500114027912783e-01,-4.566151200000000132e-04
2.319999987286087417e-01,3.771466700000000033e-04
2.322499860544260109e-01,1.526407100000000113e-04
2.324999733802434743e-01,-3.641674199999999869e-04
2.327500401680208664e-01,-5.748934299999999484e-04
2.330000274938381077e-01,-3.112606500000000029e-04
2.332500148196555989e-01,6.333574200000000303e-04
2.335000021454728403e-01,4.028771200000000070e-04
2.337499894712903037e-01,-7.025747799999999994e-04
2.339999767971077949e-01,-5.341193299999999825e-04
2.342500435848849649e-01,8.165254599999999707e-05
2.345000309107024283e-01,7.974189600000000005e-04
2.347500182365199195e-01,-1.331845099999999992e-04
2.350000055623371609e-01,-3.110445599999999973e-04
2.352499928881546243e-01,6.395889799999999493e-04
2.354999802139721155e-01,-7.842077800000000088e-04
2.357500470017492855e-01,-9.234832499999999847e-04
2.360000343275667489e-01,-1.913623799999999878e-04
2.362500216533839903e-01,6.682682600000000106e-04
2.365000089792014815e-01,8.789489499999999730e-05
2.367499963050189449e-01,-3.268331699999999776e-04
2.369999836308361862e-01,-1.880449900000000056e-04
2.372499709566536774e-01,-3.027399099999999988e-04
2.375000377444310695e-01,6.933172500000000203e-04
2.377500250702483109e-01,-5.465088199999999959e-04
2.380000123960658021e-01,3.957525099999999966e-04
2.382499997218832655e-01,-1.519546499999999936e-04
2.384999870477005068e-01,-2.121315100000000008e-04
2.387499743735179980e-01,3.164930399999999963e-04
2.390000411612951681e-01,-7.985668799999999642e-04
2.392500284871126315e-01,-5.465374600000000478e-04
2.395000158129300949e-01,4.751427099999999942e-04
2.397500031387473640e-01,4.581274699999999785e-04
2.399999904645648274e-01,-1.157720799999999942e-04
2.402499777903823186e-01,-2.830379800000000219e-04
2.405000445781594609e-01,-5.607352699999999823e-05
2.407500319039769521e-01,1.779638299999999939e-04
2.410000192297944155e-01,-1.474973799999999868e-04
2.412500065556116846e-01,1.651155899999999944e-04
2.414999938814291480e-01,6.999216700000000021e-05
2.417499812072466114e-01,-6.547298700000000462e-04
2.420000479950237815e-01,-1.039993300000000009e-04
2.422500353208412727e-01,3.235821799999999784e-04
2.425000226466585140e-01,2.976604400000000235e-04
2.427500099724759774e-01,-2.790433600000000029e-04
2.429999972982934686e-01,-3.695200399999999750e-04
2.432499846241107100e-01,2.322793299999999857e-05
2.434999719499282012e-01,3.335655700000000217e-04
2.437500387377055933e-01,7.496752900000000280e-05
2.440000260635228346e-01,1.130958700000000038e-05
2.442500133893402980e-01,-3.200040200000000092e-04
2.445000007151577892e-01,1.530547400000000131e-04
2.447499880409750306e-01,-3.793867599999999746e-05
2.449999753667924940e-01,1.090774200000000016e-04
2.452500421545696641e-01,4.888101099999999982e-04
2.455000294803871552e-01,-4.393991199999999937e-04
2.457500168062046186e-01,-5.274671099999999908e-04
2.460000041320218600e-01,3.867453999999999987e-05
2.462499914578393512e-01,-1.393166799999999992e-04
2.464999787836568146e-01,1.313770900000000056e-04
2.467500455714339846e-01,-1.844243599999999996e-05
2.470000328972514758e-01,1.493361000000000016e-04
2.472500202230689392e-01,-2.801625299999999747e-04
2.475000075488861806e-01,-3.011644599999999832e-04
2.477499948747036718e-01,3.451580899999999973e-04
2.479999822005209131e-01,1.223254000000000062e-04
2.482500489882983052e-01,-2.758997300000000128e-05
2.485000363141157964e-01,-3.308833499999999802e-04
2.487500236399330378e-01,-5.465549499999999838e-04
2.490000109657505012e-01,6.914603999999999976e-04
2.492499982915679924e-01,5.616428999999999823e-04
2.494999856173852337e-01,2.727365200000000150e-05
2.497499729432026971e-01,-1.537032699999999938e-04
2.500000397309798950e-01,4.561328500000000081e-04
